"","Bias_percent","Std"
"Combined",0.0896951847642979,0.16242124878954
"Truncated",0.0347341254473885,0.0779587254206391
"Overlap",-0.0075832033800558,0.0781472800111824
